job_role,skills
Data Scientist,Python SQL Machine_Learning Data_Analysis Statistics TensorFlow Pandas NumPy Visualization
ML Engineer,Python TensorFlow PyTorch Machine_Learning Deep_Learning Docker Kubernetes MLOps APIs
Backend Developer,Java Python SQL APIs REST Docker Databases Microservices Git Security
Frontend Developer,JavaScript React HTML CSS TypeScript UI_UX REST APIs Git Responsive_Design
DevOps Engineer,AWS Docker Kubernetes CI_CD Linux Automation Shell_Scripting Monitoring Git Terraform
Cloud Architect,AWS Azure GCP Cloud Docker Kubernetes Networking Security Automation Infrastructure
Data Analyst,SQL Excel Python Data_Analysis Visualization Statistics Reporting Power_BI Tableau
Cybersecurity Engineer,Security Networking Linux Cryptography Ethical_Hacking Firewalls Python Risk_Assessment
Mobile Developer,Flutter React_Native Swift Kotlin Java APIs UI_UX Git Mobile_Design REST
Full Stack Developer,JavaScript Python React Node.js SQL REST APIs Docker Git HTML CSS
Database Administrator,SQL NoSQL MySQL PostgreSQL MongoDB Performance Optimization Backup Security
AI Engineer,Python Machine_Learning Deep_Learning NLP Computer_Vision TensorFlow PyTorch Research APIs
Systems Administrator,Linux Windows Networking Automation Shell_Scripting Monitoring Security Backup
Blockchain Developer,Solidity Ethereum Smart_Contracts Cryptography Python JavaScript Web3 Security
Game Developer,C++ Unity Python OpenGL 3D_Modeling Physics Game_Design APIs
